{"0-0": 0.0518, "0-1": 0.02906, "0-2": 0.02464, "0-3": 0.0537, "0-4": 0.05875, "0-5": 0.05496, "0-6": 0.03538, "0-7": 0.05622, "0-8": 0.05243, "0-9": 0.04296, "0-10": 0.05685, "0-11": 0.04169, "0-12": 0.03664, "0-13": 0.0139, "0-14": 0.03601, "0-15": 0.01327, "0-16": 0.03348, "0-17": 0.03032, "0-18": 0.04611, "0-19": 0.00948, "0-20": 0.05243, "0-21": 0.03222, "0-22": 0.04232, "0-23": 0.02401, "0-24": 0.01516, "0-25": 0.03285, "0-26": 0.02337, "1-0": 0.05419, "1-1": 0.05104, "1-2": 0.02205, "1-3": 0.02457, "1-4": 0.03529, "1-5": 0.04222, "1-6": 0.02457, "1-7": 0.03403, "1-8": 0.02647, "1-9": 0.04789, "1-10": 0.05104, "1-11": 0.05608, "1-12": 0.02394, "1-13": 0.02647, "1-14": 0.0271, "1-15": 0.03277, "1-16": 0.0334, "1-17": 0.03466, "1-18": 0.04033, "1-19": 0.05293, "1-20": 0.03529, "1-21": 0.04537, "1-22": 0.04474, "1-23": 0.04789, "1-24": 0.02899, "1-25": 0.03214, "1-26": 0.02457}