{"0-0": 0.03392, "0-1": 0.04774, "0-2": 0.0201, "0-3": 0.04899, "0-4": 0.03518, "0-5": 0.03957, "0-6": 0.04711, "0-7": 0.05402, "0-8": 0.05276, "0-9": 0.04083, "0-10": 0.02387, "0-11": 0.03329, "0-12": 0.04334, "0-13": 0.0245, "0-14": 0.04523, "0-15": 0.0446, "0-16": 0.04146, "0-17": 0.02638, "0-18": 0.02889, "0-19": 0.0245, "0-20": 0.02575, "0-21": 0.03329, "0-22": 0.03894, "0-23": 0.03706, "0-24": 0.01884, "0-25": 0.04271, "0-26": 0.04711, "1-0": 0.02372, "1-1": 0.05665, "1-2": 0.03491, "1-3": 0.02372, "1-4": 0.05007, "1-5": 0.0415, "1-6": 0.04743, "1-7": 0.04084, "1-8": 0.04941, "1-9": 0.0303, "1-10": 0.05665, "1-11": 0.03096, "1-12": 0.02503, "1-13": 0.04216, "1-14": 0.03426, "1-15": 0.02569, "1-16": 0.04018, "1-17": 0.02437, "1-18": 0.03887, "1-19": 0.02701, "1-20": 0.04414, "1-21": 0.05402, "1-22": 0.0224, "1-23": 0.03228, "1-24": 0.0336, "1-25": 0.02306, "1-26": 0.04677, "2-0": 0.05174, "2-1": 0.04357, "2-2": 0.02859, "2-3": 0.02995, "2-4": 0.05446, "2-5": 0.05106, "2-6": 0.01566, "2-7": 0.04425, "2-8": 0.05242, "2-9": 0.02791, "2-10": 0.06195, "2-11": 0.05854, "2-12": 0.02587, "2-13": 0.01838, "2-14": 0.04152, "2-15": 0.00545, "2-16": 0.03268, "2-17": 0.0599, "2-18": 0.04561, "2-19": 0.01157, "2-20": 0.05582, "2-21": 0.03268, "2-22": 0.03131, "2-23": 0.03472, "2-24": 0.02927, "2-25": 0.03268, "2-26": 0.02246, "3-0": 0.0542, "3-1": 0.04656, "3-2": 0.02502, "3-3": 0.02085, "3-4": 0.05212, "3-5": 0.04864, "3-6": 0.02293, "3-7": 0.04726, "3-8": 0.05142, "3-9": 0.03336, "3-10": 0.05837, "3-11": 0.05768, "3-12": 0.02293, "3-13": 0.02015, "3-14": 0.03892, "3-15": 0.00903, "3-16": 0.03058, "3-17": 0.05907, "3-18": 0.05003, "3-19": 0.01459, "3-20": 0.05073, "3-21": 0.03127, "3-22": 0.03753, "3-23": 0.03961, "3-24": 0.02432, "3-25": 0.0278, "3-26": 0.02502, "4-0": 0.04653, "4-1": 0.03958, "4-2": 0.03333, "4-3": 0.0375, "4-4": 0.05069, "4-5": 0.04792, "4-6": 0.02917, "4-7": 0.04583, "4-8": 0.05, "4-9": 0.03611, "4-10": 0.05417, "4-11": 0.05486, "4-12": 0.02431, "4-13": 0.02222, "4-14": 0.03125, "4-15": 0.01042, "4-16": 0.03194, "4-17": 0.05417, "4-18": 0.05347, "4-19": 0.01528, "4-20": 0.05625, "4-21": 0.03472, "4-22": 0.03333, "4-23": 0.03403, "4-24": 0.02222, "4-25": 0.02639, "4-26": 0.02431}